{
    "camera": {
        "fov": 69,
        "position": [
            -5.4947509765625,
            6.936744689941406,
            6.139615535736084
        ],
        "target": [
            -0.9475087361077446,
            -1.019307142252611,
            0.2773500796460473
        ],
        "startAnim": "none",
        "animTrack": null
    },
    "background": {
        "color": [
            0.4,
            0.4,
            0.4
        ]
    },
    "animTracks": []
}